detector_threshold,run_key,detector,target_source,query_variant,episodes,success_rate,success_ci_low,success_ci_high,no_detection_rate,wrong_detection_rate,depth_failure_rate,median_target_error_l2,mean_bbox_iou,threshold_order,query_display
0.10/0.10,thr010,grounding_dino,crop_trimmed_median_depth,generic,98567,0.2379599663173273,0.2474304818851062,0.2509657794065644,0.0,0.7026388142075949,0.0,0.1470028953184222,0.2345547644958876,0,Generic
0.10/0.10,thr010,grounding_dino,crop_trimmed_median_depth,photo_true_name,98567,0.4603772053527042,0.4577682274086219,0.4635629038480085,0.0,0.392839388436292,1.0145383343309628e-05,0.0905604519007324,0.500593231648572,0,Photo true-name
0.10/0.10,thr010,grounding_dino,crop_trimmed_median_depth,true_name,98567,0.615124737488206,0.6087654306104735,0.6151341137043108,3.043615002992888e-05,0.2277638560573011,5.072691671654813e-05,0.0606931775762322,0.6698422599538332,0,True-name
0.20/0.20,default,grounding_dino,crop_trimmed_median_depth,generic,98567,0.2379599663173273,0.2474304818851062,0.2509657794065644,0.0,0.7026388142075949,0.0,0.1470028953184222,0.2345547644958876,1,Generic
0.20/0.20,default,grounding_dino,crop_trimmed_median_depth,photo_true_name,98567,0.4603772053527042,0.4577682274086219,0.4635629038480085,0.0,0.392839388436292,1.0145383343309628e-05,0.0905604519007324,0.500593231648572,1,Photo true-name
0.20/0.20,default,grounding_dino,crop_trimmed_median_depth,true_name,98567,0.6138362738036056,0.6075793229819655,0.6140315684572604,0.0027696896527235,0.2265869915894772,0.0,0.0606319789498944,0.6691255353905674,1,True-name
0.30/0.25,thr030,grounding_dino,crop_trimmed_median_depth,generic,98567,0.2379295301672973,0.2473911016812936,0.2509497460378693,0.0001826169001795,0.7025069242241319,0.0,0.1470018644890111,0.2345141362988377,2,Generic
0.30/0.25,thr030,grounding_dino,crop_trimmed_median_depth,photo_true_name,98567,0.4417097000010145,0.4387698508374321,0.4446380035040345,0.0824312396643907,0.3368470177645662,0.0,0.0847049176917866,0.4825714727370839,2,Photo true-name
0.30/0.25,thr030,grounding_dino,crop_trimmed_median_depth,true_name,98567,0.5995211379061958,0.5952082730575111,0.6014909425531231,0.0314303975975732,0.2134690109265778,0.0,0.0602109345580403,0.656075394814395,2,True-name
