evidence_set,iou_lt,episodes,success_rate,median_target_error_l2
Detector-bridge sweep,0.1,2640,0.007196969696969697,0.3983222201610434
Detector-bridge sweep,0.25,3693,0.28107229894394803,0.3264281843369097
Detector-bridge sweep,0.5,3873,0.3018332042344436,0.3184224841754175
YCB/clutter query audit,0.1,412,0.009708737864077669,0.3783435426282078
YCB/clutter query audit,0.25,438,0.0410958904109589,0.3681905190584049
YCB/clutter query audit,0.5,440,0.045454545454545456,0.36544043208511523
