run,episodes,oracle_success_rate,mean_target_error_l2,success_rate,failure_rate
HardL3,3600,0.8966666666666666,0.0,0.8966666666666666,0.10333333333333339
Heldout,33600,0.9709523809523808,0.0,0.9709523809523808,0.02904761904761921
Primary,11200,0.9717857142857144,0.0,0.9717857142857144,0.028214285714285636
Semantic,22400,1.0,0.0,1.0,0.0
