iou_threshold,hit_rate,success_when_hit,success_when_miss,episodes
0.1,0.042708333333333334,0.5853658536585366,0.001088139281828074,1920
0.25,0.042708333333333334,0.5853658536585366,0.001088139281828074,1920
0.5,0.042708333333333334,0.5853658536585366,0.001088139281828074,1920
0.75,0.0,,0.026041666666666668,1920
