stressor,level,episodes,success_rate,mean_target_error_l2,no_detection_rate,runner_exception_rate,wrong_detection_rate,iou_mean,iou_hit_010,iou_hit_025,iou_hit_050,iou_hit_075
depth_sparsity,0,480,0.4,0.20733939356628392,0.0,0.0,0.48333333333333334,0.02819298129687747,0.016666666666666666,0.016666666666666666,0.016666666666666666,0.0
depth_sparsity,3,480,0.4,0.210669699818351,0.0,0.0,0.48333333333333334,0.02819298129687747,0.016666666666666666,0.016666666666666666,0.016666666666666666,0.0
partial_target_occlusion,0,480,0.4,0.20733939356628392,0.0,0.0,0.48333333333333334,0.028192981296877473,0.016666666666666666,0.016666666666666666,0.016666666666666666,0.0
partial_target_occlusion,3,480,0.2875,0.20849030385858847,0.0,0.0,0.44166666666666665,0.06846399853004562,0.05416666666666667,0.05416666666666667,0.05416666666666667,0.0
same_color_distractor,0,480,0.4,0.20733939356628392,0.0,0.0,0.5125,0.028192981296877473,0.016666666666666666,0.016666666666666666,0.016666666666666666,0.0
same_color_distractor,3,480,0.30416666666666664,0.22756723666656695,0.0,0.0,0.6083333333333333,0.02819298129687747,0.016666666666666666,0.016666666666666666,0.016666666666666666,0.0
same_shape_distractor,0,480,0.4,0.20733939356628392,0.0,0.0,0.5125,0.028192981296877473,0.016666666666666666,0.016666666666666666,0.016666666666666666,0.0
same_shape_distractor,3,480,0.30416666666666664,0.22756723666656695,0.0,0.0,0.6083333333333333,0.02819298129687747,0.016666666666666666,0.016666666666666666,0.016666666666666666,0.0
