detector,target_source,episodes,success_rate,mean_target_error_l2,no_detection_rate,runner_exception_rate,wrong_detection_rate,iou_mean,iou_hit_010,iou_hit_025,iou_hit_050,iou_hit_075
GroundingDINO,crop_median_depth,960,0.026041666666666668,0.3482873567310799,0.0,0.0,0.95625,0.03322685845102349,0.042708333333333334,0.042708333333333334,0.042708333333333334,0.0
GroundingDINO,crop_trimmed_median_depth,960,0.026041666666666668,0.3482873567310799,0.0,0.0,0.95625,0.03322685845102349,0.042708333333333334,0.042708333333333334,0.042708333333333334,0.0
metadata query-aware,crop_median_depth,960,0.6979166666666666,0.07777127801779789,0.0,0.0,0.07708333333333334,,0.0,0.0,0.0,0.0
metadata query-aware,crop_trimmed_median_depth,960,0.6979166666666666,0.07777127801779789,0.0,0.0,0.07708333333333334,,0.0,0.0,0.0,0.0
