task,episodes,success_rate,mean_target_error_l2,no_detection_rate,runner_exception_rate,wrong_detection_rate,iou_mean,iou_hit_010,iou_hit_025,iou_hit_050,iou_hit_075
PickClutterYCB,1920,0.30520833333333336,0.19151723542382276,0.0,0.0,0.53125,0.026553264216859045,0.009375,0.009375,0.009375,0.0
PickSingleYCB,1920,0.41875,0.23437809711535998,0.0,0.0,0.5020833333333333,0.03990045268518793,0.03333333333333333,0.03333333333333333,0.03333333333333333,0.0
