target_source,target_source_display,Heldout_success,Heldout_ci_low,Heldout_ci_high,Heldout_n,HardL3Confirm_success,HardL3Confirm_ci_low,HardL3Confirm_ci_high,HardL3Confirm_n,heldout_oracle_gap,heldout_oracle_gap_low,heldout_oracle_gap_high
oracle_target,Oracle target,0.9709523809523808,0.9684523809523812,0.9733363095238096,33600,0.8966666666666665,0.8844444444444441,0.9099999999999998,3600,0.0,0.0,0.0
box_center_depth,Box-center depth,0.7621130952380952,0.750625,0.7730089285714286,33600,0.5619444444444444,0.5441597222222222,0.5772222222222222,3600,0.2088392857142857,0.1984799107142857,0.2205104166666667
crop_median_depth,Crop-median depth,0.8166369047619048,0.8005952380952381,0.831607886904762,33600,0.74,0.7180555555555557,0.7605555555555557,3600,0.1543154761904762,0.1388586309523809,0.1702418154761905
crop_top_surface,Crop-top-surface,0.4027678571428572,0.3736860119047619,0.4305818452380951,33600,0.33,0.2974930555555555,0.3608333333333333,3600,0.5681845238095239,0.5378779761904763,0.5966815476190477
